@ACunninghamMP.txt:XX,ACunninghamMP,Alex Cunningham,412,60,11
@AMMorrisMP.txt:XX,AMMorrisMP,Anne Marie Morris MP,492,62,6
@AMcDonnellMP.txt:XX,AMcDonnellMP,Alasdair McDonnell,10,0,0
@APMiller1949.txt:XX,APMiller1949,Andrew Miller MP,96,7,3
@AVMitchell2010.txt:XX,AVMitchell2010,Austin Mitchell ,830,74,5
@AdamAfriyie.txt:XX,AdamAfriyie,Adam Afriyie,735,60,44
@AidanBurleyMP.txt:XX,AidanBurleyMP,Aidan Burley MP,666,76,27
@AlanDuncanMP.txt:XX,AlanDuncanMP,Alan Duncan,90,9,2
@AlbertOwenMP.txt:XX,AlbertOwenMP,Albert Owen MP,303,16,0
@AlecShelbrooke.txt:XX,AlecShelbrooke,Alec Shelbrooke MP,399,17,5
@Alison_McGovern.txt:XX,Alison_McGovern,Alison McGovern,394,16,7
@AlistairBurtMP.txt:XX,AlistairBurtMP,Alistair Burt,367,18,4
@AlunCairns.txt:XX,AlunCairns,Alun Cairns,388,50,36
@AmberRuddMP.txt:XX,AmberRuddMP,Amber Rudd,688,135,63
@AnasSarwar.txt:XX,AnasSarwar,AnasSarwar,301,25,14
@Andrew4Pendle.txt:XX,Andrew4Pendle,Andrew Stephenson MP,496,54,23
@AndrewBridgenMP.txt:XX,AndrewBridgenMP,Andrew Bridgen MP,369,38,4
@AndrewGeorgeLD.txt:XX,AndrewGeorgeLD,Andrew George MP,742,70,55
@AndrewJonesMP.txt:XX,AndrewJonesMP,Andrew Jones MP,391,27,7
@AndrewRosindell.txt:XX,AndrewRosindell,Andrew Rosindell MP,160,7,4
@Andrew_SelousMP.txt:XX,Andrew_SelousMP,Andrew Selous MP,651,119,2
@AndyLoveMP.txt:XX,AndyLoveMP,Andy Love MP,561,70,45
@AndyMcDonaldMP.txt:XX,AndyMcDonaldMP,Andy McDonald MP,590,55,23
@AndySawfordMP.txt:XX,AndySawfordMP,Andy Sawford MP,561,26,9
@AngieBrayMP.txt:XX,AngieBrayMP,Angie Bray,715,63,20
@AnnClwyd.txt:XX,AnnClwyd,Ann Clwyd,111,16,6
@AnnMcKechinMP.txt:XX,AnnMcKechinMP,Ann McKechin,413,21,5
@Anna_SoubryMP.txt:XX,Anna_SoubryMP,Anna Soubry MP ,348,22,5
@AnneMcGuireMP.txt:XX,AnneMcGuireMP,Anne McGuire MP,166,9,2
@AnneMcIntoshMP.txt:XX,AnneMcIntoshMP,anne mcintosh,419,23,5
@AnneMiltonMP.txt:XX,AnneMiltonMP,Anne Milton MP,791,64,0
@Annette4MDNP.txt:XX,Annette4MDNP,Annette Brooke,493,82,12
@BarryGardiner.txt:XX,BarryGardiner,Barry Gardiner MP,467,14,2
@BarrySheerman.txt:XX,BarrySheerman,Barry Sheerman MP,587,23,2
@BenPBradshaw.txt:XX,BenPBradshaw,Ben Bradshaw,772,51,13
@BillCashMP.txt:XX,BillCashMP,Bill Cash,82,5,2
@BillEstersonMP.txt:XX,BillEstersonMP,Bill Esterson,435,32,16
@BlaenauGwentMP.txt:XX,BlaenauGwentMP,Nick Smith MP,239,11,3
@BobBlackmanMP.txt:XX,BobBlackmanMP,Bob Blackman,166,15,6
@BrandonLewis.txt:XX,BrandonLewis,Brandon Lewis MP,615,54,11
@CLeslieMP.txt:XX,CLeslieMP,Charlotte Leslie MP,390,18,9
@CarolineFlintMP.txt:XX,CarolineFlintMP,Caroline Flint,230,24,12
@CarolineLucas.txt:XX,CarolineLucas,Caroline Lucas,544,39,17
@CatMcKinnellMP.txt:XX,CatMcKinnellMP,Catherine McKinnell,392,30,11
@CharlieElphicke.txt:XX,CharlieElphicke,Charlie Elphicke,563,56,34
@CherylGillanMP.txt:XX,CherylGillanMP,Cheryl Gillan MP,335,51,14
@ChiOnwurah.txt:XX,ChiOnwurah,chi onwurah,427,26,13
@ChloeSmithMP.txt:XX,ChloeSmithMP,Chloe Smith,653,40,5
@ChrisBryantMP.txt:XX,ChrisBryantMP,Chris Bryant,550,23,1
@ChrisLeslieMP.txt:XX,ChrisLeslieMP,Chris Leslie,356,37,5
@ChrisPincher.txt:XX,ChrisPincher,Christopher Pincher,488,75,13
@ChrisRuaneMP.txt:XX,ChrisRuaneMP,Chris Ruane MP,360,35,29
@ChrisWhite_MP.txt:XX,ChrisWhite_MP,Chris White MP,395,33,3
@ChriswMP.txt:XX,ChriswMP,Chris Williamson,628,128,80
@ChukaUmunna.txt:XX,ChukaUmunna,Chuka Umunna,415,17,11
@CliveBettsMP.txt:XX,CliveBettsMP,Clive Betts,233,25,25
@CliveEfford.txt:XX,CliveEfford,Clive Efford,450,34,17
@Conor_BurnsMP.txt:XX,Conor_BurnsMP,Conor Burns MP,736,51,2
@CraigWhi2kermp.txt:XX,CraigWhi2kermp,Craig Whittaker MP,337,24,5
@Craig_Whittaker.txt:XX,Craig_Whittaker,Craig Whittaker,64,12,0
@CrockartMP.txt:XX,CrockartMP,Mike Crockart MP,588,83,44
@DAlexanderMP.txt:XX,DAlexanderMP,Douglas Alexander,628,44,16
@DLidington.txt:XX,DLidington,David Lidington MP,219,24,5
@DamianCollins.txt:XX,DamianCollins,Damian Collins,509,51,39
@DanJarvisMP.txt:XX,DanJarvisMP,Dan Jarvis,575,53,44
@DavidEvennett.txt:XX,DavidEvennett,David Evennett MP,364,23,11
@DavidGauke.txt:XX,DavidGauke,David Gauke,407,65,5
@DavidHansonMP.txt:XX,DavidHansonMP,David Hanson,733,119,40
@DavidHeathMP.txt:XX,DavidHeathMP,About David Heath MP,23,0,0
@DavidJonesMP.txt:XX,DavidJonesMP,David Jones,760,28,4
@DavidLammy.txt:XX,DavidLammy,David Lammy,584,30,7
@DavidMundellMP.txt:XX,DavidMundellMP,David Mundell MP,652,40,15
@DavidNuttallMP.txt:XX,DavidNuttallMP,David Nuttall MP,582,56,3
@DavidRutleyMP.txt:XX,DavidRutleyMP,David Rutley,509,57,25
@DavidWardMP.txt:XX,DavidWardMP,David Ward,715,77,46
@DavidWrightMP.txt:XX,DavidWrightMP,David Wright MP,771,50,10
@David_Cameron.txt:XX,David_Cameron,David Cameron,836,83,42
@Debbie_abrahams.txt:XX,Debbie_abrahams,Debbie Abrahams,546,66,37
@DianaJohnsonMP.txt:XX,DianaJohnsonMP,Diana Johnson,311,28,1
@DonFosterMP.txt:XX,DonFosterMP,Don Foster,477,62,27
@DouglasCarswell.txt:XX,DouglasCarswell,Douglas Carswell MP,483,16,7
@DrPhillipLeeMP.txt:XX,DrPhillipLeeMP,Dr Phillip Lee MP,561,58,22
@EalingLabour.txt:XX,EalingLabour,Ealing Labour Party,274,25,17
@Ed_Miliband.txt:XX,Ed_Miliband,Ed Miliband,638,59,16
@EdwardDaveyMP.txt:XX,EdwardDaveyMP,Edward Davey,323,53,15
@EmilyThornberry.txt:XX,EmilyThornberry,Emily Thornberry MP,408,38,10
@EmmaLewellBuck.txt:XX,EmmaLewellBuck,Emma Lewell-Buck MP,452,24,15
@EmmaReynoldsMP.txt:XX,EmmaReynoldsMP,Emma Reynolds,427,68,18
@EricPickles.txt:XX,EricPickles,Eric Pickles,609,48,18
@EstherMcVeyMP.txt:XX,EstherMcVeyMP,Esther McVey,706,59,35
@FionaODonnellMP.txt:XX,FionaODonnellMP,Fiona O'Donnell MP,412,29,3
@FitzMP.txt:XX,FitzMP,Jim Fitzpatrick MP,712,86,45
@FrancieMolloy.txt:XX,FrancieMolloy,Francie Molloy,264,34,10
@Freeman_George.txt:XX,Freeman_George,George Freeman MP,532,56,23
@GBirtwistle_MP.txt:XX,GBirtwistle_MP,Gordon Birtwistle,656,54,10
@GHollingbery.txt:XX,GHollingbery,George Hollingbery,227,18,2
@GSutcliffeMP.txt:XX,GSutcliffeMP,Gerry Sutcliffe,57,5,2
@GWilliamsonMP.txt:XX,GWilliamsonMP,Gavin Williamson MP,351,26,10
@GarethThomasMP.txt:XX,GarethThomasMP,Gareth Thomas MP,745,89,75
@GavinBarwellMP.txt:XX,GavinBarwellMP,Gavin Barwell MP,756,43,9
@GemmaWDMP.txt:XX,GemmaWDMP,Gemma Doyle,500,46,11
@Geoffrey_Cox.txt:XX,Geoffrey_Cox,Geoffrey Cox MP,607,46,21
@George_Osborne.txt:XX,George_Osborne,George Osborne,871,108,22
@GeraintDaviesMP.txt:XX,GeraintDaviesMP,Geraint Davies MP,668,87,56
@GiselaStuart.txt:XX,GiselaStuart,Gisela,406,17,11
@GloriaDePieroMP.txt:XX,GloriaDePieroMP,Gloria,0,0,0
@GlynDaviesMP.txt:XX,GlynDaviesMP,Glyn Davies,383,28,2
@GordonBanksMP.txt:XX,GordonBanksMP,Gordon Banks MP,257,14,0
@GordonMarsden.txt:XX,GordonMarsden,Gordon Marsden MP,362,49,8
@GraemeMorrice.txt:XX,GraemeMorrice,Graeme Morrice MP,107,4,3
@GrahamAllenMP.txt:XX,GrahamAllenMP,Graham Allen,446,35,15
@GrahamEvansMP.txt:XX,GrahamEvansMP,Graham Evans MP,308,35,17
@GrahamJones_MP.txt:XX,GrahamJones_MP,Graham Jones,421,68,30
@GregBarkerMP.txt:XX,GregBarkerMP,Greg Barker,429,38,16
@GregHands.txt:XX,GregHands,Greg Hands,601,84,34
@GregMulholland1.txt:XX,GregMulholland1,Greg Mulholland MP,529,23,8
@GutoBebb.txt:XX,GutoBebb,Guto Bebb,851,50,7
@GuyOppermanMP.txt:XX,GuyOppermanMP,Guy Opperman MP,451,60,38
@GwynneMP.txt:XX,GwynneMP,Andrew Gwynne MP,389,25,2
@HBaldwinMP.txt:XX,HBaldwinMP,Harriett Baldwin,494,42,33
@HackneyAbbott.txt:XX,HackneyAbbott,Diane Abbott MP,571,34,15
@HarrietHarman.txt:XX,HarrietHarman,Harriet Harman,567,34,14
@HazelBlearsMP.txt:XX,HazelBlearsMP,Hazel Blears ,81,2,2
@HeatherWheeler.txt:XX,HeatherWheeler,Heather Wheeler ,810,63,12
@HelenGoodmanMP.txt:XX,HelenGoodmanMP,Helen Goodman,448,40,3
@HelenGrantMP.txt:XX,HelenGrantMP,Helen Grant MP,699,67,28
@HelenJonesMP.txt:XX,HelenJonesMP,Helen Jones MP,532,41,20
@HendonMP.txt:XX,HendonMP,Matthew Offord,422,31,1
@HenrySmithMP.txt:XX,HenrySmithMP,Henry Smith,472,40,12
@HighPeakAndrew.txt:XX,HighPeakAndrew,Andrew Bingham MP,561,46,3
@HugoSwire.txt:XX,HugoSwire,Hugo Swire,704,56,17
@IainWrightMP.txt:XX,IainWrightMP,Iain Wright,418,33,5
@IanAustinMP.txt:XX,IanAustinMP,Ian Austin,696,53,19
@IanCLucas.txt:XX,IanCLucas,Ian Lucas,479,34,10
@IanDavidsonMP.txt:XX,IanDavidsonMP,Ian Davidson MP,185,8,5
@IanLaveryMP.txt:XX,IanLaveryMP,Ian Lavery MP,615,57,13
@IanMearnsMP.txt:XX,IanMearnsMP,Ian Mearns MP,619,78,11
@IanMurrayMP.txt:XX,IanMurrayMP,Ian Murray MP,464,70,25
@InverclydeMP.txt:XX,InverclydeMP,Iain McKenzie MP,660,48,22
@IrrancaDaviesMP.txt:XX,IrrancaDaviesMP,Huw Irranca-Davies,488,33,21
@IvanLewis_MP.txt:XX,IvanLewis_MP,Ivan Lewis,373,25,3
@JBrokenshire.txt:XX,JBrokenshire,James Brokenshire,672,40,10
@JDjanogly.txt:XX,JDjanogly,Jonathan Djanogly MP,546,44,23
@JTomlinsonMP.txt:XX,JTomlinsonMP,Justin Tomlinson MP,541,59,11
@JWoodcockMP.txt:XX,JWoodcockMP,John Woodcock,511,12,1
@J_Donaldson_MP.txt:XX,J_Donaldson_MP,Jeffrey Donaldson MP,579,44,10
@JackDromeyMP.txt:XX,JackDromeyMP,JackDromeyMP,869,125,38
@JackLoprestiMP.txt:XX,JackLoprestiMP,Jack Lopresti MP,192,24,3
@JakeBerryMP.txt:XX,JakeBerryMP,Jake Berry,557,49,21
@JamesDuddridge.txt:XX,JamesDuddridge,James Duddridge,353,55,6
@JamesGrayMP.txt:XX,JamesGrayMP,James Gray MP,457,20,13
@JamesMorrisMP.txt:XX,JamesMorrisMP,James Morris,511,32,7
@JasonMcCartney.txt:XX,JasonMcCartney,Jason McCartney MP,394,47,27
@JennyChapman.txt:XX,JennyChapman,Jenny Chapman MP,607,37,6
@JennyWillott.txt:XX,JennyWillott,Jenny Willott,442,27,9
@JeremyBrowneMP.txt:XX,JeremyBrowneMP,Jeremy Browne,473,36,1
@JeremyLefroyMP.txt:XX,JeremyLefroyMP,Jeremy Lefroy ,816,62,49
@Jeremy_Hunt.txt:XX,Jeremy_Hunt,Jeremy Hunt,810,144,36
@Jesse_Norman.txt:XX,Jesse_Norman,Jesse Norman,518,33,14
@JessicaLeeMP.txt:XX,JessicaLeeMP,Jessica Lee MP,149,21,14
@JimHood_MP.txt:XX,JimHood_MP,Jim Hood MP,139,22,16
@JimMcGovernMP.txt:XX,JimMcGovernMP,Jim McGovern MP,179,10,5
@JimSheridanMP.txt:XX,JimSheridanMP,Jim Sheridan,549,52,11
@JoJohnsonMP.txt:XX,JoJohnsonMP,Jo Johnson,88,13,3
@JohnDenhamMP.txt:XX,JohnDenhamMP,John Denham,253,9,2
@JohnGlenMP.txt:XX,JohnGlenMP,John Glen,473,50,8
@JohnHealey_MP.txt:XX,JohnHealey_MP,John Healey MP,469,44,9
@JohnHowellMP.txt:XX,JohnHowellMP,John Howell,882,92,7
@JohnMannMP.txt:XX,JohnMannMP,John Mann MP,574,45,1
@JohnPenroseNews.txt:XX,JohnPenroseNews,John Penrose MP,839,86,60
@JohnRobertsonMP.txt:XX,JohnRobertsonMP,John Robertson,580,133,82
@JohnStevensonMP.txt:XX,JohnStevensonMP,John Stevenson MP,171,16,1
@JonAshworth.txt:XX,JonAshworth,Jonathan Ashworth MP,609,38,14
@JonCruddasMP.txt:XX,JonCruddasMP,Jon Cruddas,602,39,31
@JonathanEvansMP.txt:XX,JonathanEvansMP,Jonathan Evans MP,137,17,11
@JonathanPlaid.txt:XX,JonathanPlaid,Jonathan Edwards ,231,6,3
@JulianSmithMP.txt:XX,JulianSmithMP,Julian Smith MP,369,28,5
@JulieElliottMP.txt:XX,JulieElliottMP,Julie Elliott MP,426,57,25
@JulieHillingMP.txt:XX,JulieHillingMP,Julie Hilling MP,298,24,11
@JustineGreening.txt:XX,JustineGreening,Justine Greening,604,60,26
@KarenBuckMP.txt:XX,KarenBuckMP,simon_says_that,678,63,0
@KarlTurnerMP.txt:XX,KarlTurnerMP,Karl Turner MP,280,25,6
@KateGreenSU.txt:XX,KateGreenSU,Kate Green,649,67,41
@KatyClarkMP.txt:XX,KatyClarkMP,Katy Clark,594,74,24
@KeeleyMP.txt:XX,KeeleyMP,Barbara Keeley,177,9,0
@Keith_VazMP.txt:XX,Keith_VazMP,Keith Vaz MP,741,27,0
@KerryMP.txt:XX,KerryMP,Kerry McCarthy MP,757,52,6
@KevanJonesMP.txt:XX,KevanJonesMP,Kevan Jones MP,599,41,20
@KevinBrennanMP.txt:XX,KevinBrennanMP,Kevin Brennan,346,32,17
@LauraSandysMP.txt:XX,LauraSandysMP,Laura Sandys,291,51,17
@LiamByrneMP.txt:XX,LiamByrneMP,Liam Byrne,540,36,18
@LiamFoxMP.txt:XX,LiamFoxMP,Dr Liam Fox MP,265,6,2
@LilianGreenwood.txt:XX,LilianGreenwood,Lilian Greenwood,483,47,11
@Linda_Riordan.txt:XX,Linda_Riordan,Linda Riordan MP,342,26,3
@LindsayHoyle_MP.txt:XX,LindsayHoyle_MP,Lindsay Hoyle MP,599,42,4
@LindsayRoyMP.txt:XX,LindsayRoyMP,Lindsay Roy MP,81,3,0
@LorelyBurt.txt:XX,LorelyBurt,Lorely Burt,583,40,19
@LouiseEllman.txt:XX,LouiseEllman,Louise Ellman MP,245,27,12
@LucyMPowell.txt:XX,LucyMPowell,Lucy Powell,428,21,6
@MPDavidMorris.txt:XX,MPDavidMorris,David Morris MP,645,36,19
@MPritchardMP.txt:XX,MPritchardMP,Mark Pritchard ,769,53,0
@MRitchieMP.txt:XX,MRitchieMP,Margaret Ritchie MP,565,33,1
@MadeleineMoon.txt:XX,MadeleineMoon,Madeleine Moon,555,122,24
@MalcolmRifkind.txt:XX,MalcolmRifkind,Sir Malcolm Rifkind ,68,3,3
@MarcusJonesMP.txt:XX,MarcusJonesMP,Marcus Jones MP,463,52,4
@Margaret_Curran.txt:XX,Margaret_Curran,Margaret Curran MP,487,33,16
@Maria_MillerMP.txt:XX,Maria_MillerMP,Maria_MillerMP,521,44,17
@Mark4WyreForest.txt:XX,Mark4WyreForest,Mark Garnier,533,73,19
@MarkFieldMP.txt:XX,MarkFieldMP,Mark Field MP,470,37,26
@MarkJSimmonds.txt:XX,MarkJSimmonds,Mark Simmonds MP,603,48,14
@MarkLancasterMP.txt:XX,MarkLancasterMP,Mark Lancaster MP,696,132,53
@MarkPawsey.txt:XX,MarkPawsey,Mark Pawsey,642,65,36
@MarkReckless.txt:XX,MarkReckless,Mark Reckless,537,39,19
@MarkSpencerMP.txt:XX,MarkSpencerMP,MarkSpencerMP,477,34,6
@Mark_J_Harper.txt:XX,Mark_J_Harper,Mark Harper,243,19,10
@MartinChelt.txt:XX,MartinChelt,Martin Horwood,665,45,9
@MaryMacleod4MP.txt:XX,MaryMacleod4MP,Mary Macleod,1,0,0
@MaryMacleodMP.txt:XX,MaryMacleodMP,Mary Macleod,383,34,12
@Meg_HillierMP.txt:XX,Meg_HillierMP,MegHillierMP,604,51,6
@MichaelDugherMP.txt:XX,MichaelDugherMP,Michael Dugher,379,25,7
@MichaelMcCannMP.txt:XX,MichaelMcCannMP,Michael McCann MP,430,23,8
@MichaelMooreMP.txt:XX,MichaelMooreMP,Michael Moore,639,51,10
@Michael_Ellis1.txt:XX,Michael_Ellis1,Michael Ellis,536,41,10
@Mike4Eastleigh.txt:XX,Mike4Eastleigh,Mike Thornton MP,524,43,5
@MikeGapes.txt:XX,MikeGapes,Mike Gapes MP,199,18,6
@MikeKaneMP.txt:XX,MikeKaneMP,Mike Kane,386,32,13
@Mike_Fabricant.txt:XX,Mike_Fabricant,Michael Fabricant,499,53,20
@MingCampbellMP.txt:XX,MingCampbellMP,Ming Campbell ,17,0,0
@MorayMP.txt:XX,MorayMP,Angus Robertson,517,31,20
@NadineDorriesMP.txt:XX,NadineDorriesMP,Nadine Dorries MP,633,28,9
@NiaGriffithMP.txt:XX,NiaGriffithMP,Nia Griffith,446,42,14
@NicDakinMP.txt:XX,NicDakinMP,Nic Dakin,386,68,17
@NickBolesMP.txt:XX,NickBolesMP,Nick Boles,379,35,6
@NickHarveyND.txt:XX,NickHarveyND,Nick Harvey,66,6,3
@NickSmith4BG.txt:XX,NickSmith4BG,nick smith,74,5,3
@NickyMorgan01.txt:XX,NickyMorgan01,Nicky Morgan MP,564,60,18
@NigelDoddsMP.txt:XX,NigelDoddsMP,Nigel Dodds,618,34,15
@NormanBakerMP.txt:XX,NormanBakerMP,Norman Baker MP,238,15,4
@OwenSmithMP.txt:XX,OwenSmithMP,Owen Smith MP,541,57,10
@Owen_PatersonMP.txt:XX,Owen_PatersonMP,Owen Paterson MP,74,6,5
@PBottomleyMP.txt:XX,PBottomleyMP,Sir Peter Bottomley ,0,0,0
@PatGlassMP.txt:XX,PatGlassMP,Pat Glass,474,71,5
@PaulBlomfieldMP.txt:XX,PaulBlomfieldMP,Paul Blomfield,705,50,28
@PaulBurstow.txt:XX,PaulBurstow,Paul Burstow MP,411,19,7
@PaulFlynnMP.txt:XX,PaulFlynnMP,Paul Flynn ,678,92,17
@PaulMaskeyMP.txt:XX,PaulMaskeyMP,Paul Maskey ,323,11,3
@PaulMaynardMP.txt:XX,PaulMaynardMP,Paul Maynard MP,512,30,10
@Pauline_Latham.txt:XX,Pauline_Latham,Pauline Latham MP,652,72,18
@PennyMordauntMP.txt:XX,PennyMordauntMP,Penny Mordaunt MP,566,27,8
@PeteWishart.txt:XX,PeteWishart,Pete Wishart,728,68,8
@PeteforPerth.txt:XX,PeteforPerth,Pete Wishart MP,2,0,0
@PeterBoneMP.txt:XX,PeterBoneMP,Peter Bone MP,278,34,3
@PeterHain.txt:XX,PeterHain,Peter Hain,626,52,9
@PeterJLuff.txt:XX,PeterJLuff,Sir Peter Luff MP,608,48,9
@PhilWilsonMP.txt:XX,PhilWilsonMP,Phil Wilson MP,484,58,31
@PhilipDavies422.txt:XX,PhilipDavies422,Philip Davies,109,9,0
@PhilipDaviesMP.txt:XX,PhilipDaviesMP,Philip Davies,320,16,0
@PhilipDunneMP.txt:XX,PhilipDunneMP,Philip Dunne,134,24,4
@RachelReevesMP.txt:XX,RachelReevesMP,Rachel Reeves,433,42,14
@RebeccaHarrisMP.txt:XX,RebeccaHarrisMP,Rebecca Harris,21,1,0
@Richard4Watford.txt:XX,Richard4Watford,Richard Harrington,779,77,10
@RichardBenyonMP.txt:XX,RichardBenyonMP,Richard Benyon,790,87,12
@RichardBurdenMP.txt:XX,RichardBurdenMP,Richard Burden MP,570,65,43
@RichardDraxMP.txt:XX,RichardDraxMP,Richard Drax,5,0,0
@RichardGrahamMP.txt:XX,RichardGrahamMP,Richard Graham,754,115,44
@RobFlelloMP.txt:XX,RobFlelloMP,Rob Flello MP,331,25,3
@RobWilson_RDG.txt:XX,RobWilson_RDG,Rob Wilson,664,56,32
@RobertBuckland.txt:XX,RobertBuckland,Robert Buckland MP,288,16,6
@RobertJenrick.txt:XX,RobertJenrick,Robert Jenrick MP,540,57,27
@RobinWalkerMP.txt:XX,RobinWalkerMP,Robin Walker,339,36,8
@RogerGodsiff.txt:XX,RogerGodsiff,Roger Godsiff MP,449,40,11
@RogerWilliamsLD.txt:XX,RogerWilliamsLD,Roger Williams MP,341,29,5
@RoryStewartUK.txt:XX,RoryStewartUK,Rory Stewart,798,201,170
@SCrabbMP.txt:XX,SCrabbMP,Stephen Crabb MP,452,46,18
@SDoughtyMP.txt:XX,SDoughtyMP,Stephen Doughty,496,56,22
@SHammondMP.txt:XX,SHammondMP,Stephen Hammond MP,239,17,0
@SJacksonMP.txt:XX,SJacksonMP,Stewart Jackson MP,536,55,15
@SMcPartlandMP.txt:XX,SMcPartlandMP,Stephen McPartland,636,47,41
@SadiqKhan.txt:XX,SadiqKhan,Sadiq Khan MP,516,30,22
@SamGyimah.txt:XX,SamGyimah,Sam Gyimah MP,481,64,17
@SarahChampionMP.txt:XX,SarahChampionMP,Sarah Champion MP,493,31,3
@SarahNewtonMP.txt:XX,SarahNewtonMP,Sarah Newton,420,36,12
@SeemaMalhotra1.txt:XX,SeemaMalhotra1,Seema Malhotra,428,55,26
@ShabanaMahmood.txt:XX,ShabanaMahmood,Shabana Mahmood MP,504,28,15
@SharonHodgsonMP.txt:XX,SharonHodgsonMP,Sharon Hodgson MP,309,28,10
@SheilaGilmoreMP.txt:XX,SheilaGilmoreMP,Sheila Gilmore,688,75,56
@SimonDanczuk.txt:XX,SimonDanczuk,Simon Danczuk,444,12,5
@SimonHughesMP.txt:XX,SimonHughesMP,Simon Hughes,271,108,35
@SimonKirbyMP.txt:XX,SimonKirbyMP,Simon Kirby MP,406,21,5
@SimonWrightMP.txt:XX,SimonWrightMP,Simon Wright MP,558,55,11
@Simonhartmp.txt:XX,Simonhartmp,Simon Hart,355,36,13
@SiobhainMP.txt:XX,SiobhainMP,Siobhain McDonagh MP,645,276,35
@StephenTwigg.txt:XX,StephenTwigg,Stephen Twigg,592,54,8
@SteveBakerMP.txt:XX,SteveBakerMP,Steve Baker MP,371,28,16
@SteveBarclayMP.txt:XX,SteveBarclayMP,Steve Barclay,775,90,47
@SteveReedMP.txt:XX,SteveReedMP,Steve Reed MP,697,64,18
@SteveRotheramMP.txt:XX,SteveRotheramMP,Steve Rotheram,647,63,23
@StewartHosieMP.txt:XX,StewartHosieMP,Stewart Hosie,270,29,9
@StocktonNorth.txt:XX,StocktonNorth,Alex Cunningham,166,26,2
@StuartAndrewMP.txt:XX,StuartAndrewMP,Stuart Andrew MP,623,21,3
@Thomas_Docherty.txt:XX,Thomas_Docherty,Thomas Docherty MP,602,17,8
@TobiasEllwoodMP.txt:XX,TobiasEllwoodMP,Tobias Ellwood,474,54,14
@TogetherDarling.txt:XX,TogetherDarling,Alistair Darling,130,7,6
@TomBlenkinsop.txt:XX,TomBlenkinsop,Tom Blenkinsop,364,35,9
@TonyBaldry.txt:XX,TonyBaldry,Sir Tony Baldry MP,761,15,13
@TristramHuntMP.txt:XX,TristramHuntMP,Tristram Hunt,600,35,17
@Valerie_VazMP.txt:XX,Valerie_VazMP,Valerie Vaz MP,83,7,0
@Vernon_CoakerMP.txt:XX,Vernon_CoakerMP,Vernon Coaker,373,38,21
@VirendraSharma.txt:XX,VirendraSharma,Virendra Sharma MP,458,61,8
@WayneDavidMP.txt:XX,WayneDavidMP,Wayne David MP,678,59,14
@WilliamJHague.txt:XX,WilliamJHague,William Hague,661,57,14
@William_Bain.txt:XX,William_Bain,William Bain,530,96,34
@Y_FovargueMP.txt:XX,Y_FovargueMP,Yvonne Fovargue,541,43,5
@YasminQureshiMP.txt:XX,YasminQureshiMP,Yasmin Qureshi,601,50,27
@YvetteCooperMP.txt:XX,YvetteCooperMP,Yvette Cooper,639,66,27
@ZacGoldsmith.txt:XX,ZacGoldsmith,Zac Goldsmith,519,22,6
@acarmichaelmp.txt:XX,acarmichaelmp,Alistair Carmichael,598,34,3
@adriansandersmp.txt:XX,adriansandersmp,Adrian Sanders,630,99,20
@agriffithsmp.txt:XX,agriffithsmp,Andrew Griffiths MP,464,41,11
@alanwhiteheadmp.txt:XX,alanwhiteheadmp,Alan Whitehead MP,589,84,27
@alisonseabeck.txt:XX,alisonseabeck,AlisonSeabeckMP,501,28,3
@andrealeadsom.txt:XX,andrealeadsom,Andrea Leadsom,488,47,18
@andrewpercy.txt:XX,andrewpercy,Andrew Percy,714,36,5
@andyburnhammp.txt:XX,andyburnhammp,Andy Burnham,309,45,15
@angelaeagle.txt:XX,angelaeagle,Angela Eagle,411,33,8
@angelasmithmp.txt:XX,angelasmithmp,angela smith mp,190,10,4
@anncoffey_mp.txt:XX,anncoffey_mp,Ann Coffey MP,584,32,11
@annebegg.txt:XX,annebegg,Dame Anne Begg MP,444,35,5
@ben4ipswich.txt:XX,ben4ipswich,Ben Gummer,662,50,6
@bernardjenkin.txt:XX,bernardjenkin,Bernard Jenkin MP,591,33,11
@bphillipsonMP.txt:XX,bphillipsonMP,Bridget Phillipson,757,35,15
@carolinenokes.txt:XX,carolinenokes,Caroline Nokes,606,42,11
@cathyjamieson.txt:XX,cathyjamieson,cathy jamieson mp,197,6,3
@charles_kennedy.txt:XX,charles_kennedy,Charles Kennedy,416,30,7
@chhcalling.txt:XX,chhcalling,Chris Heaton-Harris,582,32,5
@chrisskidmoremp.txt:XX,chrisskidmoremp,Chris Skidmore MP,598,140,35
@cj_dinenage.txt:XX,cj_dinenage,caroline dinenage mp,386,34,8
@claire4devizes.txt:XX,claire4devizes,Claire Perry ,572,53,5
@conormurphymp.txt:XX,conormurphymp,Conor Murphy ,369,22,9
@damian57.txt:XX,damian57,Damian Hinds,414,39,14
@damiangreenmp.txt:XX,damiangreenmp,Damian,424,29,0
@danielbyles.txt:XX,danielbyles,Dan Byles MP,524,25,6
@dannyalexander.txt:XX,dannyalexander,Danny Alexander,343,24,3
@davidburrowesmp.txt:XX,davidburrowesmp,David Burrowes,600,50,15
@davidtcdavies.txt:XX,davidtcdavies,David Davies MP,788,120,55
@drwollastonmp.txt:XX,drwollastonmp,Sarah Wollaston MP,839,32,15
@duncanhames.txt:XX,duncanhames,Duncan Hames,636,24,3
@edballsmp.txt:XX,edballsmp,Ed Balls,773,64,36
@edvaizey.txt:XX,edvaizey,Ed Vaizey,424,86,81
@edwardleighac.txt:XX,edwardleighac,EL,0,0,0
@ericjoyce.txt:XX,ericjoyce,Eric Joyce MP,845,51,4
@fabianhamilton.txt:XX,fabianhamilton,Fabian Hamilton,694,102,15
@fionamacmp.txt:XX,fionamacmp,Fiona Mactaggart,601,66,5
@frankfieldteam.txt:XX,frankfieldteam,Frank Field MP,235,8,3
@gavinshuker.txt:XX,gavinshuker,Gavin Shuker,576,24,12
@georgegalloway.txt:XX,georgegalloway,George Galloway,397,19,1
@geraldhowarth.txt:XX,geraldhowarth,Sir Gerald Howarth,207,14,5
@gildernewmp.txt:XX,gildernewmp,Michelle Gildernew,310,21,5
@glendajacksonmp.txt:XX,glendajacksonmp,Glenda Jackson,102,1,1
@grahamemorris.txt:XX,grahamemorris,Grahame Morris MP,214,9,6
@grahamstuart.txt:XX,grahamstuart,Graham Stuart MP,538,52,24
@grantshapps.txt:XX,grantshapps,Grant Shapps MP,787,64,49
@gregclarkmp.txt:XX,gregclarkmp,Greg Clark,311,30,14
@greggmcclymont.txt:XX,greggmcclymont,Gregg McClymont MP,179,10,1
@gregknightmp.txt:XX,gregknightmp,Sir Greg Knight MP,813,68,11
@halfon4harlowMP.txt:XX,halfon4harlowMP,Robert Halfon MP,533,84,44
@hammersmithandy.txt:XX,hammersmithandy,Andy Slaughter MP,259,7,5
@heidi_mp.txt:XX,heidi_mp,Heidi Alexander,648,59,17
@hilarybennmp.txt:XX,hilarybennmp,Hilary Benn MP,665,46,14
@hoeykateMP.txt:XX,HoeyKateMP,Kate Hoey,0,0,0
@iainastewart.txt:XX,iainastewart,Iain Stewart MP,747,46,9
@iswales.txt:XX,iswales, Ian Swales,513,74,16
@jameswhartonmp.txt:XX,jameswhartonmp,James Wharton MP,619,33,11
@janeellisonmp.txt:XX,janeellisonmp,Jane Ellison MP,511,63,33
@jeremycorbyn.txt:XX,jeremycorbyn,Jeremy Corbyn MP,684,63,16
@jimmurphymp.txt:XX,jimmurphymp,Jim Murphy,673,98,26
@johnhemmingmp.txt:XX,johnhemmingmp,John Hemming,552,44,11
@johnleechmcr.txt:XX,johnleechmcr,John Leech ,437,35,7
@johnmcdonnellMP.txt:XX,johnmcdonnellMP,John McDonnell,486,29,2
@johnpughmp.txt:XX,johnpughmp,John Pugh MP,310,16,2
@johnredwood.txt:XX,johnredwood,John Redwood,890,78,78
@jon_trickett.txt:XX,jon_trickett,Jon Trickett,636,77,27
@joswinson.txt:XX,joswinson,Jo Swinson ,729,37,6
@jowellt.txt:XX,jowellt,Tessa Jowell,615,47,27
@jreedmp.txt:XX,jreedmp,Jamie Reed,361,5,0
@jreynoldsMP.txt:XX,jreynoldsMP,Jonathan Reynolds MP,389,15,1
@julianhuppert.txt:XX,julianhuppert,Julian Huppert,396,18,4
@karen__bradley.txt:XX,karen__bradley,Karen Bradley,406,52,27
@karlmccartney.txt:XX,karlmccartney,Karl McCartney,210,15,2
@khopkinsmp.txt:XX,khopkinsmp,Kris Hopkins,348,40,22
@kwasikwarteng.txt:XX,kwasikwarteng,Kwasi Kwarteng,20,0,0
@leicesterliz.txt:XX,leicesterliz,Liz Kendall MP,554,34,21
@leighmp.txt:XX,leighmp,andyburnhammp,7,0,0
@lfeatherstone.txt:XX,lfeatherstone,Lynne Featherstone,357,24,17
@lisanandy.txt:XX,lisanandy,Lisa Nandy,487,35,9
@lucianaberger.txt:XX,lucianaberger,Luciana Berger,514,46,24
@malcolmbruce.txt:XX,malcolmbruce,Malcolm Bruce,574,46,4
@margarethodge.txt:XX,margarethodge,Margaret Hodge MP,718,45,19
@margotjamesmp.txt:XX,margotjamesmp,margot james,730,62,12
@mark4ceredigion.txt:XX,mark4ceredigion,Mark Williams,442,23,14
@markdurkan.txt:XX,markdurkan,Mark Durkan MP ,292,84,28
@markhuntermp.txt:XX,markhuntermp,Mark Hunter MP,515,67,19
@marklazarowicz.txt:XX,marklazarowicz,Mark Lazarowicz,261,36,12
@martinvickersmp.txt:XX,martinvickersmp,Martin Vickers,235,17,1
@marycreagh_mp.txt:XX,marycreagh_mp,Mary Creagh MP,465,36,15
@matthancockmp.txt:XX,matthancockmp,Matt Hancock,605,58,27
@meaglemp.txt:XX,meaglemp,Maria Eagle MP,301,27,10
@michaelmeacher.txt:XX,michaelmeacher,Michael Meacher,691,41,41
@mike_weatherley.txt:XX,mike_weatherley,Mike Weatherley MP,589,36,30
@mikefreermp.txt:XX,mikefreermp,Mike Freer MP,677,69,12
@mikeweirsnp.txt:XX,mikeweirsnp,Mike Weir,413,12,2
@mowat4ws.txt:XX,mowat4ws,David Mowat MP,445,50,18
@murrisonMP.txt:XX,murrisonMP,andrew murrison,604,44,3
@nadhimzahawi.txt:XX,nadhimzahawi,Nadhim Zahawi,233,8,2
@naomi_long.txt:XX,naomi_long,Naomi Long MP,564,12,1
@neil_mp.txt:XX,neil_mp,Neil Carmichael MP,567,51,11
@nick_clegg.txt:XX,nick_clegg,Nick Clegg,669,47,13
@nickdebois.txt:XX,nickdebois,Nick de Bois MP,728,39,8
@nickherbertmp.txt:XX,nickherbertmp,Nick Herbert,453,53,37
@nickhurdmp.txt:XX,nickhurdmp,Nick Hurd MP,441,51,10
@nickhurdrnp.txt:XX,nickhurdrnp,Nick Hurd,239,26,2
@nicolablackwood.txt:XX,nicolablackwood,Nicola Blackwood,399,38,31
@normanlamb.txt:XX,normanlamb,Norman Lamb,683,33,11
@olivercolvile.txt:XX,olivercolvile,Oliver Colvile MP,616,64,8
@pamela_nash.txt:XX,pamela_nash,Pamela Nash MP,284,9,0
@patmcfaddenmp.txt:XX,patmcfaddenmp,Pat McFadden,455,36,13
@pauluppalmp.txt:XX,pauluppalmp,Paul Uppal,623,50,7
@peter_aldous.txt:XX,peter_aldous,Peter Aldous MP,521,23,7
@pritipatelmp.txt:XX,pritipatelmp,Priti Patel,347,127,34
@robertabwMP.txt:XX,robertabwMP,R. Blackman-Woods,419,21,7
@robwilsonmp.txt:XX,robwilsonmp,Rob Wilson (MP),4,0,0
@rosie4westlancs.txt:XX,rosie4westlancs,Rosie Cooper MP,766,85,18
@rushanaraali.txt:XX,rushanaraali,Rushanara Ali,328,22,8
@russellbrownmp.txt:XX,russellbrownmp,Russell Brown,554,50,16
@sajidjavid.txt:XX,sajidjavid,Sajid Javid MP,738,63,31
@sbrine.txt:XX,sbrine,Steve Brine,851,74,44
@sheryllmurray.txt:XX,sheryllmurray,Sheryll Murray MP,733,45,25
@simonreevell.txt:XX,simonreevell,Simon Reevell,479,52,5
@spellar.txt:XX,spellar,john spellar,446,37,26
@stellacreasy.txt:XX,stellacreasy,stellacreasy,559,47,13
@stephen_gilbert.txt:XX,stephen_gilbert,Stephen Gilbert MP,527,74,39
@stephen_mosley.txt:XX,stephen_mosley,Stephen Mosley MP,375,56,27
@stephenctimms.txt:XX,stephenctimms,Stephen Timms,589,71,12
@steve_mccabe.txt:XX,steve_mccabe,Steve McCabe,603,73,14
@stevewebb1.txt:XX,stevewebb1,Steve Webb,354,35,10
@swilliamsmp.txt:XX,swilliamsmp,Stephen Williams MP,644,50,22
@tcunninghammp1.txt:XX,tcunninghammp1,Tony Cunningham MP,240,26,21
@tessamunt.txt:XX,tessamunt,Tessa Munt MP,372,32,22
@theresecoffey.txt:XX,theresecoffey,Therese Coffey,594,35,4
@thomasbrake.txt:XX,thomasbrake,Tom Brake MP,815,84,38
@timfarron.txt:XX,timfarron,Tim Farron,825,12,2
@timloughton.txt:XX,timloughton,Tim Loughton MP,468,97,17
@tobyperkinsmp.txt:XX,tobyperkinsmp,Toby Perkins MP,388,53,13
@tom_watson.txt:XX,tom_watson,tom_watson,799,18,11
@tomgreatrexmp.txt:XX,tomgreatrexmp,Tom Greatrex,569,78,21
@tpearce003.txt:XX,tpearce003,teresa pearce,617,43,24
@tracey_crouch.txt:XX,tracey_crouch,Tracey Crouch,663,63,22
@trussliz.txt:XX,trussliz,Elizabeth Truss,511,83,21
@uxbridgewalrus.txt:XX,uxbridgewalrus,John Randall,449,12,2
@vincecable.txt:XX,vincecable,Vince Cable,292,26,20
